{
  "exams":[
    {
      "level":11,
      "author":"galaxy",
      "name":"eleven years exam",
      "creationDate":"20/02/2019",
      "questionList":[
        {
          "answerList":[
            {
              "text":"1+1 =3",
              "correctAnswer":false,
              "explanation":"This answer is wrong because the result of adding 1 and 1 is 2"
            },
            {
              "text":"1+1 = 2",
              "correctAnswer":true,
              "explanation":"Correct! the result of adding 1 and 1 is 2."
            }
          ],
          "text":"how much is 1+1?"
        },
        {
          "answerList":[],
          "text":"how much is 2+3?"
        }
      ]
    },
    {
      "level":10,
      "author":"John Smith",
      "name":"ten years old exam",
      "creationDate":"26/02/2019",
      "questionList":[]
    },
    {
      "level":13,
      "author":"galaxy",
      "name":"thirteen years exam",
      "creationDate":"20/02/2019",
      "questionList":[
        {
          "answerList":[
            {
              "text":"This is wrong answer",
              "correctAnswer":false,
              "explanation":"This is the reason answer"
            },
            {
              "text":"This is correct answer",
              "correctAnswer":true,
              "explanation":"This is the reason answer"
            }
          ],
          "text":"Who is this?"
        },
        {
          "answerList":[
            {
              "text":"This is wrong answer",
              "correctAnswer":false,
              "explanation":"This is the reason answer"
            }
          ],
          "text":"What is your name?"
        }
      ]
    },
    {
      "level":12,
      "author":"galaxy",
      "name":"twelve years exam",
      "creationDate":"20/02/2019",
      "questionList":[]
    }
  ]
}